from,to
1ho,Chan
1ho,공기남
ASH ISLAND,Hash Swan
ASH ISLAND,The Quiett
ASH ISLAND,김효은
ASH ISLAND,릴러말즈
ASH ISLAND,창모
B.I.,이하이
BewhY,수퍼비
BIG Naughty,Chillin Homie
BIG Naughty,Woodie Gochild
BIG Naughty,기리보이
BIG Naughty,영비
BIG Naughty,체엘비
C JAMM,Kid Milli
C JAMM,Lil tachi
C JAMM,NO:EL
C JAMM,기리보이
C JAMM,김승민
Chan,1ho
Chan,공기남
Chillin Homie,BIG Naughty
Chillin Homie,Woodie Gochild
Chillin Homie,영비
Chillin Homie,체엘비
Colde,로꼬
Colde,헤이즈
Crush,에픽하이
Crush,헤이즈
D.Ark,수퍼비
D.Ark,창모
D.Ark,쿠기
god,아이유
god,양다일
god,조현아
god,헨리
Hash Swan,ASH ISLAND
Hash Swan,The Quiett
Hash Swan,김효은
Hash Swan,릴러말즈
Hash Swan,창모
HYNN,엔씨아
Jvcki  Wai,Osshun Gum
Jvcki  Wai,기리보이
Jvcki  Wai,염따
Jvcki  Wai,영비
Jvcki  Wai,지코
Jvcki  Wai,한요한
Kid Milli,C JAMM
Kid Milli,Lil tachi
Kid Milli,NO:EL
Kid Milli,pH-1
Kid Milli,YUNHWAY
Kid Milli,기리보이
Kid Milli,김승민
Kid Milli,도넛맷
Kid Milli,루피
Kid Milli,매드클라운
Kid Milli,스윙스
Kid Milli,염따
Kid Milli,윤비
Kid Milli,저스디스
Kid Milli,팔로알토
Lil tachi,C JAMM
Lil tachi,Kid Milli
Lil tachi,NO:EL
Lil tachi,기리보이
Lil tachi,김승민
Lil tachi,호키치스
MC몽,박봄
MC몽,송가인
MC몽,챈슬러
NO:EL,C JAMM
NO:EL,Kid Milli
NO:EL,Lil tachi
NO:EL,기리보이
NO:EL,김승민
NO:EL,스윙스
NO:EL,저스디스
Osshun Gum,Jvcki  Wai
Osshun Gum,영비
Osshun Gum,한요한
pH-1,Kid Milli
pH-1,루피
pH-1,매드클라운
pH-1,스윙스
pH-1,염따
pH-1,팔로알토
SUGA,이소라
The Quiett,ASH ISLAND
The Quiett,Hash Swan
The Quiett,김효은
The Quiett,릴러말즈
The Quiett,우원재
The Quiett,이영지
The Quiett,창모
Uneducated Kid,기리보이
VIXX,박효신
VIXX,서인국
VIXX,성시경
VIXX,이석훈
Woodie Gochild,BIG Naughty
Woodie Gochild,Chillin Homie
Woodie Gochild,영비
Woodie Gochild,체엘비
YANU,영제이
YUNHWAY,Kid Milli
YUNHWAY,김승민
YUNHWAY,도넛맷
YUNHWAY,스윙스
YUNHWAY,윤비
Zion. T,로꼬
Zion. T,슬기
공기남,1ho
공기남,Chan
기리보이,BIG Naughty
기리보이,C JAMM
기리보이,Jvcki  Wai
기리보이,Kid Milli
기리보이,Lil tachi
기리보이,NO:EL
기리보이,Uneducated Kid
기리보이,김승민
기리보이,스윙스
기리보이,염따
기리보이,우원재
기리보이,헤이즈
김동률,아이유
김승민,C JAMM
김승민,Kid Milli
김승민,Lil tachi
김승민,NO:EL
김승민,YUNHWAY
김승민,기리보이
김승민,도넛맷
김승민,스윙스
김승민,윤비
김효은,ASH ISLAND
김효은,Hash Swan
김효은,The Quiett
김효은,릴러말즈
김효은,창모
니야나,박진
니야나,봉근
다운,지코
도넛맷,Kid Milli
도넛맷,YUNHWAY
도넛맷,김승민
도넛맷,스윙스
도넛맷,윤비
로꼬,Colde
로꼬,Zion. T
로꼬,화사
루피,Kid Milli
루피,pH-1
루피,팔로알토
릴러말즈,ASH ISLAND
릴러말즈,Hash Swan
릴러말즈,The Quiett
릴러말즈,김효은
릴러말즈,창모
마크툽,이라온
매드클라운,Kid Milli
매드클라운,pH-1
매드클라운,스윙스
매드클라운,염따
먼데이키즈,펀치
박봄,MC몽
박봄,산다라박
박우진,이대휘
박지훈,하성운
박진,니야나
박진,봉근
박효신,VIXX
박효신,서인국
박효신,성시경
박효신,이석훈
백예린,카더가든
봉근,니야나
봉근,박진
빈지노,어반자카파
산다라박,박봄
서인국,VIXX
서인국,박효신
서인국,성시경
서인국,이석훈
성시경,VIXX
성시경,박효신
성시경,서인국
성시경,이석훈
소유,오반
송가인,MC몽
송가인,챈슬러
수퍼비,BewhY
수퍼비,D.Ark
수퍼비,창모
수퍼비,쿠기
스윙스,Kid Milli
스윙스,NO:EL
스윙스,pH-1
스윙스,YUNHWAY
스윙스,기리보이
스윙스,김승민
스윙스,도넛맷
스윙스,매드클라운
스윙스,염따
스윙스,윤비
슬기,Zion. T
아이유,god
아이유,김동률
아이유,양다일
아이유,조현아
아이유,천둥
아이유,헨리
양다일,god
양다일,아이유
양다일,조현아
양다일,헨리
어반자카파,빈지노
에이치코드,전상근
에픽하이,Crush
엔씨아,HYNN
염따,Jvcki  Wai
염따,Kid Milli
염따,pH-1
염따,기리보이
염따,매드클라운
염따,스윙스
염따,지코
영비,BIG Naughty
영비,Chillin Homie
영비,Jvcki  Wai
영비,Osshun Gum
영비,Woodie Gochild
영비,체엘비
영비,한요한
영제이,YANU
오반,소유
우원재,The Quiett
우원재,기리보이
우원재,이영지
우원재,창모
윤민수,장혜진
윤비,Kid Milli
윤비,YUNHWAY
윤비,김승민
윤비,도넛맷
윤비,스윙스
이대휘,박우진
이라온,마크툽
이석훈,VIXX
이석훈,박효신
이석훈,서인국
이석훈,성시경
이소라,SUGA
이영지,The Quiett
이영지,우원재
이영지,창모
이하이,B.I.
임한별,첸
장혜진,윤민수
저스디스,Kid Milli
저스디스,NO:EL
전상근,에이치코드
정은지,허각
조현아,god
조현아,아이유
조현아,양다일
조현아,헨리
지코,Jvcki  Wai
지코,다운
지코,염따
창모,ASH ISLAND
창모,D.Ark
창모,Hash Swan
창모,The Quiett
창모,김효은
창모,릴러말즈
창모,수퍼비
창모,우원재
창모,이영지
창모,쿠기
챈슬러,MC몽
챈슬러,송가인
천둥,아이유
체엘비,BIG Naughty
체엘비,Chillin Homie
체엘비,Woodie Gochild
체엘비,영비
첸,임한별
카더가든,백예린
쿠기,D.Ark
쿠기,수퍼비
쿠기,창모
태용,펀치
팔로알토,Kid Milli
팔로알토,pH-1
팔로알토,루피
펀치,먼데이키즈
펀치,태용
하성운,박지훈
한요한,Jvcki  Wai
한요한,Osshun Gum
한요한,영비
허각,정은지
헤이즈,Colde
헤이즈,Crush
헤이즈,기리보이
헨리,god
헨리,아이유
헨리,양다일
헨리,조현아
호키치스,Lil tachi
화사,로꼬
